"Nombre","Descripcion","Descripcion","Buenos Aires/Cantidad"
"*","*","Periódico","1.0"
"*","Interés general","Agencia","2.0"
"*","Interés general","Digital","3.0"
"*","Interés general","Radio","1.0"
"25 de Mayo","Interés general","Digital","3.0"
"25 de Mayo","Interés general","Periódico","3.0"
"25 de Mayo","Interés general","Radio","3.0"
"25 de Mayo","Interés general","Revista","1.0"
"25 de Mayo","Interés general","Televisión","1.0"
"25 de Mayo","Música","Digital","1.0"
"25 de Mayo","Música","Radio","2.0"
"30 de Agosto","*","Radio","1.0"
"30 de Agosto","Interés general","Radio","2.0"
"30 de Agosto","Interés general","Televisión","1.0"
"9 de Julio","*","Digital","1.0"
"9 de Julio","Deportes","Digital","1.0"
"9 de Julio","Interés general","Digital","2.0"
"9 de Julio","Interés general","Periódico","3.0"
"9 de Julio","Interés general","Radio","6.0"
"9 de Julio","Interés general","Televisión","1.0"
"9 de Julio","Música","Radio","1.0"
"Adrogué","*","Radio","5.0"
"Adrogué","Deportes","Periódico","1.0"
"Adrogué","Interés general","Digital","2.0"
"Adrogué","Interés general","Periódico","1.0"
"Adrogué","Interés general","Radio","3.0"
"Adrogué","Música","Radio","1.0"
"Adrogué","Música","Televisión","1.0"
"Adrogué","Religión","Televisión","1.0"
"Aguas Verdes","Interés general","Radio","1.0"
"Alberti","Interés general","Digital","2.0"
"Alberti","Interés general","Periódico","1.0"
"Alberti","Interés general","Radio","5.0"
"Alberti","Interés general","Televisión","2.0"
"Alejandro Korn","Interés general","Radio","1.0"
"Almirante Brown","Interés general","Digital","1.0"
"Almirante Brown","Interés general","Radio","1.0"
"América","Interés general","Digital","1.0"
"América","Interés general","Radio","6.0"
"Angel Etcheverri","Interés general","Radio","1.0"
"Arrecifes","Deportes","Digital","1.0"
"Arrecifes","Interés general","Digital","7.0"
"Arrecifes","Interés general","Periódico","6.0"
"Arrecifes","Interés general","Radio","7.0"
"Arrecifes","Música","Radio","2.0"
"Ascensión","Interés general","Periódico","1.0"
"Avellaneda","*","Radio","1.0"
"Avellaneda","Deportes","Digital","10.0"
"Avellaneda","Interés general","Digital","4.0"
"Avellaneda","Interés general","Periódico","3.0"
"Avellaneda","Interés general","Radio","2.0"
"Ayacucho","Interés general","Digital","2.0"
"Ayacucho","Interés general","Periódico","1.0"
"Ayacucho","Interés general","Radio","3.0"
"Ayacucho","Interés general","Televisión","1.0"
"Azul","Interés general","Digital","9.0"
"Azul","Interés general","Periódico","3.0"
"Azul","Interés general","Radio","8.0"
"Azul","Interés general","Televisión","1.0"
"Azul","Música","Radio","3.0"
"Bahía Blanca","*","Digital","2.0"
"Bahía Blanca","*","Periódico","1.0"
"Bahía Blanca","*","Radio","1.0"
"Bahía Blanca","Educación","Radio","1.0"
"Bahía Blanca","Interés general","Digital","10.0"
"Bahía Blanca","Interés general","Periódico","2.0"
"Bahía Blanca","Interés general","Radio","30.0"
"Bahía Blanca","Interés general","Televisión","5.0"
"Bahía Blanca","Música","Radio","6.0"
"Balcarce","Interés general","Digital","3.0"
"Balcarce","Interés general","Periódico","4.0"
"Balcarce","Interés general","Radio","9.0"
"Banfield","*","Radio","1.0"
"Baradero","*","Radio","1.0"
"Baradero","Interés general","Digital","6.0"
"Baradero","Interés general","Periódico","5.0"
"Baradero","Interés general","Radio","6.0"
"Beccar","*","Radio","1.0"
"Beccar","Interés general","Periódico","1.0"
"Belén de Escobar","Interés general","Radio","2.0"
"Bella Vista","Interés general","Periódico","1.0"
"Benavidez","Interés general","Radio","1.0"
"Benavidez","Religión","Radio","1.0"
"Benito Juárez","Interés general","Digital","1.0"
"Benito Juárez","Interés general","Periódico","1.0"
"Benito Juárez","Interés general","Radio","3.0"
"Berazategui","*","Radio","3.0"
"Berazategui","Folclore","Radio","1.0"
"Berazategui","Interés general","Digital","5.0"
"Berazategui","Interés general","Periódico","3.0"
"Berazategui","Interés general","Radio","3.0"
"Berazategui","Policiales","Digital","1.0"
"Berazategui","Religión","Radio","1.0"
"Berisso","Interés general","Periódico","1.0"
"Berisso","Interés general","Radio","4.0"
"Berna","Economía","Digital","1.0"
"Berna","Interés general","Radio","2.0"
"Berna","Interés general","Revista","1.0"
"Berna","Religión","Radio","1.0"
"Billinghurst","*","Radio","1.0"
"Blaquier","Interés general","Radio","1.0"
"Bolívar","Deportes","Radio","1.0"
"Bolívar","Interés general","Digital","3.0"
"Bolívar","Interés general","Periódico","2.0"
"Bolívar","Interés general","Radio","7.0"
"Bolívar","Interés general","Televisión","1.0"
"Bolívar","Música","Radio","1.0"
"Bonifacio","Interés general","Radio","1.0"
"Bragado","*","Radio","1.0"
"Bragado","Interés general","Digital","7.0"
"Bragado","Interés general","Periódico","5.0"
"Bragado","Interés general","Radio","10.0"
"Bragado","Música","Radio","1.0"
"Brandsen","Interés general","Digital","1.0"
"Brandsen","Interés general","Periódico","1.0"
"Brandsen","Interés general","Radio","2.0"
"Cacharí","Interés general","Radio","2.0"
"Cacharí","Interés general","Revista","1.0"
"Campana","Educación","Radio","1.0"
"Campana","Interés general","Digital","2.0"
"Campana","Interés general","Periódico","5.0"
"Campana","Interés general","Radio","9.0"
"Campana","Interés general","Televisión","1.0"
"Campana","Música","Radio","1.0"
"Campana","Religión","Radio","1.0"
"Cañada Seca","Interés general","Radio","1.0"
"Canning","*","Radio","1.0"
"Canning","Interés general","Digital","1.0"
"Cañuelas","*","Digital","1.0"
"Cañuelas","*","Periódico","1.0"
"Cañuelas","Interés general","Digital","2.0"
"Cañuelas","Interés general","Periódico","5.0"
"Cañuelas","Interés general","Radio","4.0"
"Cañuelas","Música","Radio","1.0"
"Capilla del Señor","Interés general","Digital","1.0"
"Capilla del Señor","Interés general","Periódico","2.0"
"Capilla del Señor","Interés general","Radio","1.0"
"Capitán Sarmiento","Interés general","Digital","1.0"
"Capitán Sarmiento","Interés general","Periódico","3.0"
"Capitán Sarmiento","Interés general","Radio","2.0"
"Capitán Sarmiento","Interés general","Revista","1.0"
"Carapachay","Construcción","Digital","2.0"
"Carapachay","Construcción","Revista","1.0"
"Carapachay","Interés general","Periódico","1.0"
"Carhué","Interés general","Digital","2.0"
"Carhué","Interés general","Periódico","1.0"
"Carhué","Interés general","Radio","2.0"
"Carhué","Interés general","Televisión","1.0"
"Carlos Casares","Interés general","Digital","2.0"
"Carlos Casares","Interés general","Periódico","2.0"
"Carlos Casares","Interés general","Radio","4.0"
"Carlos Casares","Interés general","Televisión","1.0"
"Carlos Casares","Música","Radio","1.0"
"Carlos Tejedor","Interés general","Periódico","1.0"
"Carlos Tejedor","Interés general","Radio","5.0"
"Carmen de Areco","Educación","Radio","1.0"
"Carmen de Areco","Interés general","Digital","1.0"
"Carmen de Areco","Interés general","Periódico","2.0"
"Carmen de Areco","Interés general","Radio","3.0"
"Carmen de Areco","Interés general","Revista","2.0"
"Carmen de Patagones","Interés general","Radio","1.0"
"Casbas","Interés general","Radio","1.0"
"Caseros","*","Radio","2.0"
"Caseros","Cultural y Musical","Digital","1.0"
"Caseros","Cultural y Musical","Revista","1.0"
"Caseros","Deportes","Digital","1.0"
"Caseros","Deportes","Radio","1.0"
"Caseros","Interés general","Periódico","1.0"
"Caseros","Interés general","Radio","6.0"
"Caseros","Interés general","Revista","1.0"
"Caseros","Interés general","Televisión","1.0"
"Caseros","Religión","Radio","2.0"
"Caseros","Salud Ambiental","Revista","1.0"
"Castelar","Interés general","Periódico","1.0"
"Castelar","Interés general","Radio","2.0"
"Castelli","Interés general","Periódico","2.0"
"Castelli","Interés general","Radio","1.0"
"Castelli","Interés general","Televisión","1.0"
"Catriló","Interés general","Radio","3.0"
"Catriló","Interés general","Revista","1.0"
"C de Patagones","Interés general","Radio","1.0"
"C. de Patagones","Interés general","Digital","1.0"
"C. de Patagones","Interés general","Radio","1.0"
"Chacabuco","Agropecuario","Digital","1.0"
"Chacabuco","Interés general","Digital","9.0"
"Chacabuco","Interés general","Periódico","6.0"
"Chacabuco","Interés general","Radio","8.0"
"Chascomús","Interés general","Digital","7.0"
"Chascomús","Interés general","Periódico","4.0"
"Chascomús","Interés general","Radio","13.0"
"Chascomús","Música","Radio","3.0"
"Chillar","Interés general","Digital","1.0"
"Chillar","Interés general","Radio","1.0"
"Chivilcoy","*","Radio","2.0"
"Chivilcoy","Interés general","Digital","5.0"
"Chivilcoy","Interés general","Periódico","6.0"
"Chivilcoy","Interés general","Radio","9.0"
"Chivilcoy","Música","Radio","2.0"
"Ciudadela","*","Digital","1.0"
"Ciudadela","Interés general","Radio","2.0"
"Ciudad E. Madero","*","Radio","1.0"
"Claromecó","Interés general","Radio","1.0"
"Claypole","Informática","Digital","1.0"
"Claypole","Interés general","Radio","3.0"
"Claypole","Religión","Radio","3.0"
"Cnel. Brandsen","Interés general","Periódico","1.0"
"Cnel. Pringles","Interés general","Periódico","2.0"
"Colón","Interés general","Digital","2.0"
"Colón","Interés general","Periódico","4.0"
"Colón","Interés general","Radio","1.0"
"Coronel Charlone","Interés general","Radio","1.0"
"Coronel Dorrego","Interés general","Periódico","1.0"
"Coronel Dorrego","Interés general","Radio","8.0"
"Coronel Dorrego","Interés general","Televisión","1.0"
"Coronel Pringles","Agropecuario","Digital","1.0"
"Coronel Pringles","Agropecuario","Periódico","1.0"
"Coronel Pringles","Interés general","Digital","5.0"
"Coronel Pringles","Interés general","Periódico","3.0"
"Coronel Pringles","Interés general","Radio","6.0"
"Coronel Pringles","Interés general","Televisión","4.0"
"Coronel Pringles","Religión","Radio","1.0"
"Coronel Suárez","Interés general","Digital","2.0"
"Coronel Suárez","Interés general","Periódico","1.0"
"Coronel Suárez","Interés general","Radio","9.0"
"Coronel Suárez","Interés general","Televisión","1.0"
"Coronel Vidal","Interés general","Radio","1.0"
"Costa Azul","*","Radio","1.0"
"Costa Azul","Interés general","Radio","1.0"
"Cuartel V., Moreno","Interés general","Radio","1.0"
"Daireaux","Interés general","Digital","1.0"
"Daireaux","Interés general","Periódico","2.0"
"Daireaux","Interés general","Radio","4.0"
"Daireaux","Interés general","Televisión","1.0"
"Darregueira","Interés general","Radio","2.0"
"Del Viso","Cultural y Musical","Revista","1.0"
"Del Viso","Interés general","Periódico","2.0"
"Del Viso","Interés general","Televisión","1.0"
"Derqui","Interés general","Periódico","2.0"
"Dolores","Interés general","Digital","1.0"
"Dolores","Interés general","Periódico","2.0"
"Dolores","Interés general","Radio","8.0"
"Dolores","Interés general","Televisión","1.0"
"Don Torcuato","Interés general","Periódico","1.0"
"Don Torcuato","Interés general","Radio","3.0"
"Don Torcuato","Música","Radio","1.0"
"El Jagüel","*","Radio","1.0"
"El Palomar","Interés general","Periódico","1.0"
"El Palomar","Interés general","Radio","1.0"
"El Pato","Interés general","Periódico","1.0"
"El Socorro","Interés general","Radio","1.0"
"El Talar, Tigre","Interés general","Radio","1.0"
"Ensenada","Interés general","Digital","2.0"
"Ensenada","Interés general","Periódico","1.0"
"Ensenada","Interés general","Radio","4.0"
"Escobar","*","Radio","1.0"
"Escobar","Interés general","Digital","1.0"
"Escobar","Interés general","Periódico","1.0"
"Escobar","Interés general","Radio","5.0"
"Escobar","Interés general","Televisión","1.0"
"Esteban Echeverría","Interés general","Periódico","1.0"
"Exaltación de la Cruz","Interés general","Digital","1.0"
"Ezeiza","Interés general","Digital","2.0"
"Ezeiza","Interés general","Periódico","2.0"
"Ezeiza","Interés general","Radio","1.0"
"Felipe Solá","Interés general","Radio","1.0"
"Florencio Varela","*","Radio","1.0"
"Florencio Varela","Folclore","Radio","1.0"
"Florencio Varela","Interés general","Digital","3.0"
"Florencio Varela","Interés general","Periódico","2.0"
"Florencio Varela","Interés general","Radio","5.0"
"Florencio Varela","Música","Radio","1.0"
"Florentino Ameghino","Interés general","Digital","1.0"
"Florida","*","Revista","1.0"
"Florida","Interés general","Periódico","1.0"
"Florida","Interés general","Radio","2.0"
"Florida","Interés general","Televisión","1.0"
"Francisco Álvarez","Interés general","Radio","2.0"
"Fray Mrto. Esquiú","Interés general","Radio","1.0"
"Garín","Interés general","Radio","1.0"
"Garré","Interés general","Radio","1.0"
"G de Laferrere","Folclore","Radio","1.0"
"G. de Laferrere","Deportes","Digital","1.0"
"G. de Laferrere","Folclore","Radio","1.0"
"G. de Laferrere","Música","Radio","1.0"
"G. de Laferrere","Religión","Radio","1.0"
"General Alvarado","*","Digital","1.0"
"General Alvarado","*","Periódico","1.0"
"General Alvear","Interés general","Radio","1.0"
"General Alvear","Interés general","Televisión","1.0"
"General Arenales","Interés general","Radio","3.0"
"General Belgrano","Interés general","Digital","2.0"
"General Belgrano","Interés general","Periódico","2.0"
"General Belgrano","Interés general","Radio","4.0"
"General Belgrano","Interés general","Televisión","1.0"
"General Belgrano","Música","Radio","1.0"
"General Las Heras","Interés general","Radio","1.0"
"General Madariaga","Interés general","Digital","1.0"
"General Madariaga","Interés general","Periódico","1.0"
"General Madariaga","Interés general","Radio","2.0"
"General Madariaga","Interés general","Televisión","1.0"
"General Pacheco","Interés general","Periódico","1.0"
"General Pinto","Interés general","Radio","1.0"
"General Rodríguez","Interés general","Digital","3.0"
"General Rodríguez","Interés general","Periódico","3.0"
"General Rodríguez","Interés general","Radio","3.0"
"General San Martín","Interés general","Periódico","1.0"
"General San Martín","Interés general","Radio","3.0"
"General Viamonte","Interés general","Periódico","1.0"
"General Villegas","Interés general","Digital","1.0"
"General Villegas","Interés general","Periódico","1.0"
"General Villegas","Interés general","Radio","3.0"
"General Villegas","Interés general","Televisión","1.0"
"Glew","Folclore","Radio","1.0"
"Glew","Música","Radio","1.0"
"Gonzales Chaves","Interés general","Radio","2.0"
"Gonzáles Chaves","Interés general","Digital","1.0"
"Gonzáles Cháves","Interés general","Radio","1.0"
"Gonzales Chávez","Interés general","Radio","1.0"
"Gonzalez Catán","Interés general","Digital","1.0"
"González Catán","*","Radio","1.0"
"González Chávez","Interés general","Periódico","1.0"
"Gral. Alvarado","Interés general","Digital","1.0"
"Gral. Alvear","Interés general","Digital","1.0"
"Gral. Alvear","Interés general","Radio","1.0"
"Gral. Belgrano","Interés general","Digital","1.0"
"Gral. Lamadrid","Interés general","Digital","2.0"
"Gral. Lamadrid","Interés general","Radio","1.0"
"Gral Las Heras","Interés general","Digital","1.0"
"Gral. Las Heras","Interés general","Radio","1.0"
"Gral. Lavalle","Interés general","Radio","2.0"
"Gral. Madariaga","Interés general","Periódico","2.0"
"Gral. Madariaga","Interés general","Radio","1.0"
"Gral. Pacheco","Interés general","Digital","1.0"
"Gral. Pacheco","Interés general","Revista","1.0"
"Gral. Pacheco","Música","Radio","1.0"
"Gral. Pinto","Interés general","Digital","1.0"
"Gral. Pinto","Interés general","Radio","1.0"
"Gral. Rodriguez","Interés general","Digital","1.0"
"Gral. Rodriguez","Interés general","Radio","4.0"
"Gral. Rodríguez","Interés general","Radio","1.0"
"Gral. Rojo","Interés general","Televisión","1.0"
"Gral. San Martín","*","Digital","1.0"
"Gral. Villegas","Interés general","Digital","2.0"
"Gral. Villegas","Interés general","Periódico","1.0"
"Gral. Villegas","Interés general","Radio","5.0"
"Gregorio de Laferrere","Interés general","Radio","2.0"
"Guaminí","Interés general","Radio","1.0"
"Guernica","Interés general","Radio","2.0"
"Haedo","Automóviles","Periódico","1.0"
"Haedo","Interés general","Agencia","1.0"
"Haedo","Interés general","Radio","1.0"
"Henderson","*","Radio","1.0"
"Henderson","Interés general","Radio","1.0"
"Huanguelén","Interés general","Radio","3.0"
"Hurlingham","Interés general","Digital","6.0"
"Hurlingham","Interés general","Periódico","4.0"
"Hurlingham","Interés general","Radio","5.0"
"Hurlingham","Interés general","Revista","1.0"
"Hurlingham","Música","Radio","1.0"
"Indio Rico","Interés general","Digital","1.0"
"Indio Rico","Interés general","Radio","1.0"
"Isidro Casanova","Interés general","Radio","4.0"
"Isidro Casanova","Religión","Radio","4.0"
"Isidro Casanova, La Matanza","Interés general","Radio","1.0"
"Ituzaingó","*","Revista","1.0"
"Ituzaingó","Interés general","Digital","2.0"
"Ituzaingó","Interés general","Periódico","2.0"
"Ituzaingó","Interés general","Radio","6.0"
"Jáuregui","Interés general","Radio","1.0"
"J. B. Alberdi","Interés general","Digital","1.0"
"J. B. Alberdi","Interés general","Radio","1.0"
"José C. Paz","Interés general","Digital","1.0"
"José C. Paz","Interés general","Radio","4.0"
"José Ingeniero","Interés general","Televisión","1.0"
"José Ingenieros","*","Periódico","1.0"
"José León Suárez","Interés general","Radio","5.0"
"José León Suárez","Religión","Radio","1.0"
"Junín","Cultural y Musical","Digital","1.0"
"Junín","Deportes","Digital","1.0"
"Junín","Interés general","Digital","9.0"
"Junín","Interés general","Periódico","4.0"
"Junín","Interés general","Radio","18.0"
"Junín","Interés general","Televisión","1.0"
"Junín","Música","Radio","4.0"
"Junín","Religión","Radio","1.0"
"La Dulce","Interés general","Radio","2.0"
"La Lucila","Interés general","Digital","1.0"
"La Matanza","*","Digital","1.0"
"La Matanza","Interés general","Digital","1.0"
"La Matanza","Interés general","Periódico","1.0"
"La Matanza","Interés general","Radio","1.0"
"Lanús","*","Radio","1.0"
"Lanús","Deportes","Radio","1.0"
"Lanús","Folclore","Digital","1.0"
"Lanús","Interés general","Digital","1.0"
"Lanús","Interés general","Periódico","3.0"
"Lanús","Interés general","Radio","9.0"
"Lanús","Interés general","Televisión","3.0"
"Lanús","Religión","Radio","1.0"
"Lanús Oeste","Interés general","Radio","1.0"
"La Paz","*","Radio","1.0"
"La Plata","*","Radio","2.0"
"La Plata","*","Revista","1.0"
"La Plata","Agropecuario","Digital","1.0"
"La Plata","Arte","Digital","1.0"
"La Plata","Arte","Revista","1.0"
"La Plata","Comunicación","Agencia","1.0"
"La Plata","Comunicación","Revista","1.0"
"La Plata","Decoración","Digital","1.0"
"La Plata","Economía","Digital","1.0"
"La Plata","Interés general","Agencia","2.0"
"La Plata","Interés general","Digital","24.0"
"La Plata","Interés general","Periódico","7.0"
"La Plata","Interés general","Radio","32.0"
"La Plata","Interés general","Revista","1.0"
"La Plata","Interés general","Suplementos","2.0"
"La Plata","Interés general","Televisión","2.0"
"La Plata","Música","Radio","3.0"
"La Plata","Propiedades","Digital","1.0"
"La Plata","Religión","Radio","1.0"
"Laprida","Interés general","Radio","4.0"
"La Salada","Interés general","Radio","1.0"
"Las Flores","Interés general","Digital","1.0"
"Las Flores","Interés general","Periódico","2.0"
"Las Flores","Interés general","Radio","3.0"
"Las Flores","Interés general","Televisión","1.0"
"Las Flores","Música","Radio","1.0"
"Las Heras","Interés general","Radio","1.0"
"La Unión","*","Radio","1.0"
"La Unión","Interés general","Radio","1.0"
"Lezama","Interés general","Radio","1.0"
"Libertad","*","Radio","1.0"
"Libertad","Interés general","Digital","1.0"
"Libertad","Interés general","Periódico","1.0"
"Libertad","Interés general","Radio","2.0"
"Lima","Interés general","Radio","1.0"
"Lincoln","Deportes","Digital","1.0"
"Lincoln","Deportes","Periódico","1.0"
"Lincoln","Interés general","Digital","4.0"
"Lincoln","Interés general","Periódico","3.0"
"Lincoln","Interés general","Radio","11.0"
"Lincoln","Música","Radio","2.0"
"Llavallol","Interés general","Radio","1.0"
"Lobería","Interés general","Digital","1.0"
"Lobería","Interés general","Radio","3.0"
"Lobos","Interés general","Digital","5.0"
"Lobos","Interés general","Periódico","6.0"
"Lobos","Interés general","Radio","4.0"
"Lobos","Interés general","Televisión","1.0"
"Lobos","Música","Radio","4.0"
"Loma Hermosa","Interés general","Radio","1.0"
"Lomas del Mirador","*","Digital","1.0"
"Lomas del Mirador","*","Radio","1.0"
"Lomas del Mirador","Interés general","Periódico","1.0"
"Lomas del Mirador","Interés general","Radio","1.0"
"Lomas del Mirador","Interés general","Televisión","1.0"
"Lomas del Mirador","Religión","Radio","1.0"
"Lomas de Zamora","*","Revista","1.0"
"Lomas de Zamora","Deportes","Digital","5.0"
"Lomas de Zamora","Diexismo","Revista","1.0"
"Lomas de Zamora","Interés general","Agencia","2.0"
"Lomas de Zamora","Interés general","Digital","8.0"
"Lomas de Zamora","Interés general","Periódico","1.0"
"Lomas de Zamora","Interés general","Radio","7.0"
"Longchamps","Folclore","Radio","1.0"
"Longchamps","Interés general","Radio","1.0"
"Longchamps","Religión","Radio","1.0"
"Los Polvorines","Interés general","Radio","2.0"
"Los Toldos","Interés general","Periódico","1.0"
"Los Toldos","Interés general","Radio","2.0"
"Los Toldos","Religión","Radio","1.0"
"Lucila del Mar","Interés general","Radio","1.0"
"Luis Guillon","Interés general","Radio","1.0"
"Luján","Agropecuario","Periódico","1.0"
"Luján","Deportes","Digital","1.0"
"Luján","Interés general","Digital","8.0"
"Luján","Interés general","Periódico","7.0"
"Luján","Interés general","Radio","9.0"
"Luján","Música","Radio","2.0"
"Magdalena","Interés general","Radio","1.0"
"Maipú","Interés general","Digital","2.0"
"Maipú","Interés general","Periódico","2.0"
"Maipú","Interés general","Radio","1.0"
"Malvinas Argentinas","Interés general","Digital","1.0"
"Malvinas Argentinas","Interés general","Radio","1.0"
"Marcos Paz","Interés general","Periódico","3.0"
"Marcos Paz","Interés general","Radio","1.0"
"Marcos Paz","Interés general","Televisión","1.0"
"Mar de Ajó","Interés general","Radio","6.0"
"Mar de Ajó","Interés general","Televisión","1.0"
"Mar de las Pampas","Interés general","Radio","3.0"
"Mar del Plata","*","Radio","2.0"
"Mar del Plata","*","Revista","2.0"
"Mar del Plata","Decoración","Revista","1.0"
"Mar del Plata","Deportes","Digital","3.0"
"Mar del Plata","Educación","Digital","1.0"
"Mar del Plata","Interés general","Digital","16.0"
"Mar del Plata","Interés general","Periódico","5.0"
"Mar del Plata","Interés general","Radio","41.0"
"Mar del Plata","Interés general","Revista","2.0"
"Mar del Plata","Interés general","Televisión","5.0"
"Mar del Plata","Música","Radio","4.0"
"Mar del Plata","Religión","Radio","1.0"
"Mar del Plata","Turismo","Digital","4.0"
"Mar del Plata","Turismo","Revista","1.0"
"Mar del Tuyú","Interés general","Digital","1.0"
"Mar del Tuyú","Interés general","Periódico","2.0"
"Mariano H. Alfonzo","Interés general","Radio","1.0"
"Martín Coronado","*","Revista","1.0"
"Martínez","*","Revista","2.0"
"Martínez","Deportes","Revista","1.0"
"Martínez","Entretenimiento","Digital","1.0"
"Martínez","Interés general","Radio","3.0"
"Martínez","Interés general","Revista","1.0"
"Martínez","Música","Radio","1.0"
"Martinez de Hoz","Interés general","Radio","1.0"
"Martínez, San Isidro","Interés general","Radio","1.0"
"Mechita","*","Radio","1.0"
"Mechongué","Interés general","Radio","1.0"
"Mercedes","Interés general","Digital","11.0"
"Mercedes","Interés general","Periódico","9.0"
"Mercedes","Interés general","Radio","11.0"
"Mercedes","Interés general","Televisión","5.0"
"Mercedes","Música","Radio","1.0"
"Merlo","*","Digital","1.0"
"Merlo","Interés general","Periódico","1.0"
"Merlo","Interés general","Radio","5.0"
"Merlo","Música","Radio","1.0"
"Merlo","Religión","Radio","1.0"
"Miramar","*","Radio","2.0"
"Miramar","Interés general","Digital","2.0"
"Miramar","Interés general","Periódico","4.0"
"Miramar","Interés general","Radio","8.0"
"Miramar","Música","Radio","1.0"
"Monte Grande","*","Radio","1.0"
"Monte Grande","Interés general","Radio","5.0"
"Monte Grande","Interés general","Televisión","1.0"
"Monte Grande","Música","Radio","1.0"
"Monte Grande","Religión","Radio","1.0"
"Monte Grande, E. Echeverría","*","Radio","1.0"
"Monte Grande, E. Echeverría","Interés general","Radio","2.0"
"Monte Hermoso","Interés general","Digital","1.0"
"Monte Hermoso","Interés general","Periódico","1.0"
"Monte Hermoso","Interés general","Radio","8.0"
"Monte Hermoso","Interés general","Televisión","1.0"
"Moreno","Interés general","Digital","1.0"
"Moreno","Interés general","Periódico","5.0"
"Moreno","Interés general","Radio","4.0"
"Moreno","Interés general","Televisión","2.0"
"Moreno","Música","Radio","1.0"
"Morón","*","Radio","1.0"
"Morón","Folclore","Radio","1.0"
"Morón","Interés general","Digital","5.0"
"Morón","Interés general","Periódico","6.0"
"Morón","Interés general","Radio","5.0"
"Morón","Música","Radio","1.0"
"Morón","Religión","Radio","1.0"
"Munro","Interés general","Radio","1.0"
"Munro","Religión","Radio","1.0"
"Munro, Vicente Lopez","Interés general","Radio","1.0"
"Navarro","Interés general","Digital","2.0"
"Navarro","Interés general","Periódico","2.0"
"Navarro","Interés general","Radio","3.0"
"N. de la Riestra","Interés general","Digital","1.0"
"N. de la Riestra","Interés general","Radio","2.0"
"Necochea","*","Revista","1.0"
"Necochea","Interés general","Digital","11.0"
"Necochea","Interés general","Periódico","1.0"
"Necochea","Interés general","Radio","25.0"
"Necochea","Interés general","Televisión","1.0"
"Necochea","Música","Radio","2.0"
"Norberto de la Riestra","Interés general","Televisión","1.0"
"O´Brien","Interés general","Digital","1.0"
"Olavarría","*","Radio","1.0"
"Olavarría","Comunicación","Revista","1.0"
"Olavarría","Interés general","Digital","5.0"
"Olavarría","Interés general","Periódico","2.0"
"Olavarría","Interés general","Radio","9.0"
"Olavarría","Interés general","Televisión","1.0"
"Olavarría","Música","Radio","1.0"
"Olivos","*","Radio","2.0"
"Olivos","Empleos","Revista","1.0"
"Olivos","Mujer","Revista","1.0"
"Orense","Interés general","Radio","1.0"
"Pablo Nogués","*","Radio","1.0"
"Pablo Podestá","Interés general","Radio","2.0"
"Paso del Rey","Interés general","Radio","2.0"
"Pedro Luro","Interés general","Radio","2.0"
"Pehuajó","*","Radio","1.0"
"Pehuajó","Interés general","Digital","2.0"
"Pehuajó","Interés general","Periódico","1.0"
"Pehuajó","Interés general","Radio","8.0"
"Pehuajó","Interés general","Televisión","1.0"
"Pehuajó","Música","Radio","1.0"
"Pellegrini","Interés general","Radio","2.0"
"Pergamino","Agropecuario","Digital","1.0"
"Pergamino","Agropecuario","Periódico","1.0"
"Pergamino","Deportes","Digital","1.0"
"Pergamino","Interés general","Digital","7.0"
"Pergamino","Interés general","Periódico","3.0"
"Pergamino","Interés general","Radio","15.0"
"Pergamino","Interés general","Televisión","1.0"
"Pergamino","Música","Radio","2.0"
"Pigüé","Interés general","Digital","3.0"
"Pigüé","Interés general","Periódico","2.0"
"Pigüé","Interés general","Radio","5.0"
"Pigüé","Interés general","Televisión","1.0"
"Pilar","Countries","Digital","1.0"
"Pilar","Interés general","Digital","14.0"
"Pilar","Interés general","Periódico","11.0"
"Pilar","Interés general","Radio","7.0"
"Pilar","Interés general","Revista","4.0"
"Pilar","Interés general","Televisión","1.0"
"Pilar","Mujer","Digital","1.0"
"Pilar","Mujer","Radio","1.0"
"Pinamar","*","Digital","1.0"
"Pinamar","*","Periódico","1.0"
"Pinamar","Interés general","Periódico","2.0"
"Pinamar","Interés general","Radio","18.0"
"Pinamar","Música","Radio","1.0"
"Piñero","Religión","Radio","1.0"
"Pontevedra","Interés general","Radio","2.0"
"Puán","Interés general","Digital","1.0"
"Puán","Interés general","Radio","2.0"
"Puán","Interés general","Televisión","1.0"
"Puerto Belgrano","Interés general","Digital","1.0"
"Puerto Rosales","Interés general","Radio","1.0"
"Punta Alta","Interés general","Digital","1.0"
"Punta Alta","Interés general","Periódico","1.0"
"Punta Alta","Interés general","Radio","5.0"
"Punta Alta","Interés general","Televisión","1.0"
"Punta Indio","Interés general","Periódico","1.0"
"Quilmes","*","Radio","1.0"
"Quilmes","Deportes","Digital","1.0"
"Quilmes","Interés general","Digital","16.0"
"Quilmes","Interés general","Periódico","5.0"
"Quilmes","Interés general","Radio","13.0"
"Quilmes","Música","Digital","2.0"
"Quilmes","Música","Radio","3.0"
"Quilmes","Policiales","Digital","1.0"
"Quilmes","Religión","Radio","1.0"
"Rafael Calzada","*","Radio","1.0"
"Rafael Calzada","Folclore","Radio","1.0"
"Rafael Calzada","Interés general","Radio","1.0"
"Rafael Castillo","Interés general","Radio","2.0"
"Ramallo","Interés general","Digital","2.0"
"Ramallo","Interés general","Periódico","2.0"
"Ramallo","Interés general","Radio","2.0"
"Ramos Mejía","Interés general","Digital","2.0"
"Ramos Mejía","Interés general","Periódico","4.0"
"Ramos Mejía","Interés general","Radio","3.0"
"Ramos Mejía","Interés general","Revista","1.0"
"Ramos Mejía","Interés general","Televisión","1.0"
"Ramos Mejía","Música","Radio","1.0"
"Ranchos","Interés general","Digital","2.0"
"Ranchos","Interés general","Periódico","2.0"
"Ranchos","Interés general","Radio","2.0"
"Rauch","Interés general","Digital","4.0"
"Rauch","Interés general","Periódico","3.0"
"Rauch","Interés general","Radio","4.0"
"Rauch","Interés general","Televisión","1.0"
"R de Escalada","Deportes","Digital","1.0"
"Remedios de Escalada","Interés general","Digital","2.0"
"Remedios de Escalada","Interés general","Periódico","3.0"
"Reta","Interés general","Digital","1.0"
"Río Gallegos","Interés general","Periódico","1.0"
"Rivadavia","Interés general","Radio","1.0"
"Rivera","Interés general","Radio","2.0"
"Rojas","*","Digital","1.0"
"Rojas","*","Periódico","1.0"
"Rojas","Interés general","Digital","4.0"
"Rojas","Interés general","Periódico","5.0"
"Rojas","Interés general","Radio","3.0"
"Rojas","Interés general","Televisión","1.0"
"Rojas","Música","Radio","1.0"
"Roque Peréz","Interés general","Radio","2.0"
"Roque Pérez","Interés general","Digital","2.0"
"Roque Pérez","Interés general","Periódico","2.0"
"Saavedra","Interés general","Radio","2.0"
"Saladillo","Deportes","Digital","2.0"
"Saladillo","Interés general","Digital","8.0"
"Saladillo","Interés general","Periódico","3.0"
"Saladillo","Interés general","Radio","7.0"
"Salazar","Interés general","Radio","1.0"
"Salliqueló","*","Radio","2.0"
"Salliqueló","Interés general","Digital","2.0"
"Salliqueló","Interés general","Periódico","1.0"
"Salto","Deportes","Digital","2.0"
"Salto","Interés general","Agencia","1.0"
"Salto","Interés general","Digital","4.0"
"Salto","Interés general","Periódico","4.0"
"Salto","Interés general","Radio","5.0"
"Salto","Música","Radio","2.0"
"San A. de Areco","Interés general","Radio","1.0"
"San Andrés","Interés general","Radio","1.0"
"San Andrés de Giles","Interés general","Digital","2.0"
"San Andrés de Giles","Interés general","Periódico","1.0"
"San Andrés de Giles","Interés general","Radio","2.0"
"San Antonio de Areco","Interés general","Digital","2.0"
"San Antonio de Areco","Interés general","Periódico","5.0"
"San Antonio de Areco","Interés general","Radio","5.0"
"San Antonio de Padua","Interés general","Radio","1.0"
"San Bernardo","*","Radio","2.0"
"San Bernardo","Interés general","Digital","2.0"
"San Bernardo","Interés general","Periódico","2.0"
"San Bernardo","Interés general","Radio","6.0"
"San Cayetano","Interés general","Radio","1.0"
"San Cayetano","Interés general","Televisión","1.0"
"San Clemente","Interés general","Radio","1.0"
"San Clemente del Tuyú","Interés general","Radio","4.0"
"San Clemente del Tuyú","Interés general","Televisión","1.0"
"San Clemente del Tuyú","Música","Radio","1.0"
"San Fco. Solano","Interés general","Radio","1.0"
"San Fernando","Interés general","Digital","4.0"
"San Fernando","Interés general","Periódico","1.0"
"San Fernando","Interés general","Radio","3.0"
"San Fernando","Interés general","Televisión","1.0"
"San Francisco Solano","Interés general","Radio","1.0"
"San Genaro","Interés general","Televisión","1.0"
"San Isidro","*","Digital","1.0"
"San Isidro","*","Periódico","1.0"
"San Isidro","*","Radio","1.0"
"San Isidro","Interés general","Digital","4.0"
"San Isidro","Interés general","Periódico","3.0"
"San Isidro","Interés general","Radio","4.0"
"San Isidro","Interés general","Revista","1.0"
"San Isidro","Música","Radio","2.0"
"San Isidro","Salud","Digital","1.0"
"San Isidro, Vicente López y otros","Interés general","Digital","1.0"
"San Justo","*","Radio","1.0"
"San Justo","Interés general","Digital","8.0"
"San Justo","Interés general","Periódico","4.0"
"San Justo","Interés general","Radio","13.0"
"San Justo","Interés general","Revista","1.0"
"San Justo","Interés general","Televisión","1.0"
"San Justo","Música","Radio","2.0"
"San Justo","Religión","Radio","2.0"
"San Martín","Deportes","Digital","6.0"
"San Martín","Interés general","Digital","5.0"
"San Martín","Interés general","Periódico","3.0"
"San Martín","Interés general","Radio","5.0"
"San Martín","Interés general","Revista","1.0"
"San Martín","Interés general","Televisión","2.0"
"San Martín","Música","Digital","1.0"
"San Martín","Música","Radio","1.0"
"San Miguel","*","Radio","1.0"
"San Miguel","Interés general","Digital","1.0"
"San Miguel","Interés general","Periódico","3.0"
"San Miguel","Interés general","Radio","4.0"
"San Miguel","Interés general","Televisión","1.0"
"San Miguel","Música","Radio","2.0"
"San Miguel del Monte","Interés general","Digital","1.0"
"San Miguel del Monte","Interés general","Periódico","1.0"
"San Miguel del Monte","Interés general","Radio","1.0"
"San Miguel del Monte","Música","Radio","1.0"
"San Nicolás","*","Radio","1.0"
"San Nicolás","Deportes","Digital","1.0"
"San Nicolás","Espectáculo","Radio","1.0"
"San Nicolás","Interés general","Periódico","2.0"
"San Nicolás","Interés general","Radio","9.0"
"San Nicolás","Interés general","Televisión","1.0"
"San Nicolás de los Arroyos","Deportes","Revista","1.0"
"San Nicolás de los Arroyos","Interés general","Digital","3.0"
"San Nicolás de los Arroyos","Interés general","Periódico","1.0"
"San Nicolás de los Arroyos","Interés general","Radio","6.0"
"San Pedro","Deportes","Digital","1.0"
"San Pedro","Interés general","Digital","7.0"
"San Pedro","Interés general","Periódico","4.0"
"San Pedro","Interés general","Radio","11.0"
"San Pedro","Interés general","Televisión","1.0"
"Santa María","Interés general","Radio","1.0"
"Santa Teresita","Folclore","Radio","1.0"
"Santa Teresita","Interés general","Radio","9.0"
"Santa Teresita","Interés general","Televisión","1.0"
"Santa Teresita","Música","Radio","1.0"
"Santa Teresita","Turismo","Digital","1.0"
"San Vicente","Interés general","Digital","1.0"
"San Vicente","Interés general","Periódico","1.0"
"San Vicente","Interés general","Radio","1.0"
"Sarandí","Interés general","Periódico","3.0"
"Sarandí","Interés general","Radio","2.0"
"S. Clara del Mar","Interés general","Digital","1.0"
"S. Clara del Mar","Interés general","Periódico","1.0"
"S. Clara del Mar","Interés general","Radio","1.0"
"S. de la Ventana","Interés general","Radio","1.0"
"S. de los Padres","Interés general","Periódico","1.0"
"S. de los Padres","Interés general","Radio","1.0"
"Sierra de la Ventana","Interés general","Radio","2.0"
"Suipacha","Interés general","Periódico","1.0"
"Suipacha","Interés general","Radio","3.0"
"Talar de Pacheco","Interés general","Digital","1.0"
"Talar de Pacheco","Interés general","Periódico","1.0"
"Talar de Pacheco","Interés general","Radio","1.0"
"Tandil","*","Radio","1.0"
"Tandil","Agropecuario","Periódico","1.0"
"Tandil","Deportes","Digital","2.0"
"Tandil","Interés general","Digital","8.0"
"Tandil","Interés general","Periódico","6.0"
"Tandil","Interés general","Radio","19.0"
"Tandil","Interés general","Televisión","1.0"
"Tandil","Música","Radio","4.0"
"Tapalqué","Interés general","Digital","1.0"
"Tapalqué","Interés general","Periódico","1.0"
"Tapalqué","Interés general","Radio","2.0"
"Tapalqué","Música","Radio","1.0"
"Tapiales","Interés general","Radio","1.0"
"Tapiales","Música","Radio","1.0"
"Temperley","Deportes","Digital","5.0"
"Temperley","Deportes","Radio","1.0"
"Temperley","Interés general","Radio","3.0"
"Temperley","Música","Radio","1.0"
"Tigre","*","Digital","1.0"
"Tigre","Deportes","Digital","1.0"
"Tigre","Deportes","Periódico","1.0"
"Tigre","Interés general","Digital","2.0"
"Tigre","Interés general","Periódico","5.0"
"Tigre","Interés general","Radio","5.0"
"Tigre","Interés general","Revista","2.0"
"Tornquist","*","Radio","1.0"
"Tornquist","Deportes","Digital","1.0"
"Tornquist","Interés general","Digital","2.0"
"Tornquist","Interés general","Radio","1.0"
"Tortuguitas","Interés general","Digital","1.0"
"Tortuguitas","Interés general","Periódico","1.0"
"Trenque Lauquen","*","Radio","1.0"
"Trenque Lauquen","Deportes","Digital","1.0"
"Trenque Lauquen","Deportes","Radio","1.0"
"Trenque Lauquen","Interés general","Digital","6.0"
"Trenque Lauquen","Interés general","Periódico","1.0"
"Trenque Lauquen","Interés general","Radio","5.0"
"Trenque Lauquen","Interés general","Televisión","2.0"
"Trenque Lauquen","Música","Radio","1.0"
"Tres Algarrobos","Interés general","Radio","1.0"
"Tres Arroyos","*","Radio","1.0"
"Tres Arroyos","Agropecuario","Digital","1.0"
"Tres Arroyos","Deportes","Digital","1.0"
"Tres Arroyos","Interés general","Digital","5.0"
"Tres Arroyos","Interés general","Periódico","4.0"
"Tres Arroyos","Interés general","Radio","8.0"
"Tres de Febrero","Interés general","Digital","2.0"
"Tres Lomas","Interés general","Digital","1.0"
"Tres Lomas","Interés general","Periódico","1.0"
"Tres Lomas","Interés general","Radio","2.0"
"Tristán Suárez","Interés general","Radio","2.0"
"Valentín Alsina","Interés general","Radio","1.0"
"Vedia","*","Radio","1.0"
"Vedia","Interés general","Digital","1.0"
"Vedia","Interés general","Periódico","2.0"
"Vedia","Interés general","Radio","1.0"
"Verónica","Interés general","Radio","2.0"
"Vicente López","Deportes","Digital","1.0"
"Vicente López","Interés general","Digital","2.0"
"Vicente López","Interés general","Periódico","2.0"
"Vicente López","Interés general","Radio","1.0"
"Vicente López","Interés general","Televisión","1.0"
"Vicente López","Música","Radio","1.0"
"Victoria","*","Radio","2.0"
"Villa Adelina","Entretenimiento","Digital","2.0"
"Villa Ballester","Interés general","Periódico","1.0"
"Villa Ballester","Interés general","Radio","1.0"
"Villa Bosch","Interés general","Radio","2.0"
"Villa Celina","Religión","Radio","1.0"
"Villa Dominico","Interés general","Radio","1.0"
"Villa Dominico","Religión","Radio","1.0"
"Villa Gesell","Interés general","Digital","6.0"
"Villa Gesell","Interés general","Periódico","2.0"
"Villa Gesell","Interés general","Radio","14.0"
"Villa Gesell","Interés general","Televisión","1.0"
"Villa Gesell","Música","Radio","2.0"
"Villa Iris","Música","Radio","1.0"
"Villalonga","Interés general","Radio","1.0"
"Villa Luzuriaga, La Matanza","Interés general","Radio","1.0"
"Villa Lynch","Interés general","Radio","1.0"
"Villa Madero","Interés general","Radio","1.0"
"Villa Maipú","Interés general","Radio","1.0"
"Villa Martelli","Deportes","Digital","1.0"
"Villa Martelli","Interés general","Radio","1.0"
"Villa Martelli","Música","Radio","1.0"
"Villa Maza","Interés general","Periódico","1.0"
"Villa Sáenz Peña","Interés general","Radio","1.0"
"Virreyes","Interés general","Radio","1.0"
"Wilde","*","Revista","1.0"
"Wilde","Interés general","Radio","4.0"
"Zárate","*","Radio","1.0"
"Zárate","Interés general","Digital","3.0"
"Zárate","Interés general","Periódico","4.0"
"Zárate","Interés general","Radio","9.0"
"Zárate","Música","Radio","1.0"
